id_patient,name,firstname,email,password,age,height,sex,birthdate
<<<<<<< Updated upstream
1,Cammie,Gonzalez,cammiegonzalez@wanayou.com,zGoa1ez6ln,23,172.0,M,1998-09-14 10:14:17
2,Matthew,Fudge,matthewfudge@wanayou.com,Fud7g8e,22,184.0,F,1999-10-28 13:44:45
3,Jennifer,Neal,jenniferneal@wanayou.com,48leNa3,22,168.0,M,1999-05-22 17:08:48
4,Rob,Hollis,robhollis@wanayou.com,sH7l6lio,26,184.0,M,1995-09-25 06:22:32
5,Shannon,Richardson,shannonrichardson@wanayou.com,1os9rRcidhna,24,181.0,F,1997-04-19 08:14:32
6,Charles,Christmas,charleschristmas@wanayou.com,1msr1thai9Cs,24,190.0,F,1997-04-28 13:10:28
7,Willie,Jackson,williejackson@wanayou.com,94so3nackJ,26,177.0,M,1995-05-24 06:22:28
8,Henry,Klein,henryklein@wanayou.com,eK9n2l4i,25,184.0,M,1996-02-24 13:35:16
9,Billy,Torres,billytorres@wanayou.com,eTr6s2o1r,25,188.0,M,1996-09-09 17:42:51
10,Jeffrey,Grace,jeffreygrace@wanayou.com,2eca8G9r,23,187.0,M,1998-10-28 15:23:26
11,Gabriel,Niemi,gabrielniemi@wanayou.com,42iNim9e,26,189.0,M,1995-12-29 08:34:47
12,Wilbert,Keaton,wilbertkeaton@wanayou.com,n4K6eota8,27,193.0,F,1994-08-12 04:23:19
13,William,Nguyen,williamnguyen@wanayou.com,74guny7Ne,32,177.0,F,1989-07-10 21:28:12
14,Vicki,Downes,vickidownes@wanayou.com,Dwo7e6sn5,30,181.0,M,1991-12-27 03:27:16
15,Pamala,Bocchi,pamalabocchi@wanayou.com,co26ichB,35,177.0,F,1986-01-22 14:56:56
16,Henrietta,Colson,henriettacolson@wanayou.com,sC4l0o1on,35,168.0,F,1986-03-28 18:08:21
17,Ann,Jones,annjones@wanayou.com,enos4J87,34,180.0,M,1987-09-10 03:46:38
18,Adam,Johnson,adamjohnson@wanayou.com,Jo7nh7s2on,32,180.0,M,1989-03-10 08:19:40
19,Brandon,Nail,brandonnail@wanayou.com,73lNia7,28,172.0,M,1993-12-06 00:28:24
20,Donna,Joseph,donnajoseph@wanayou.com,oJ0ph5es,33,187.0,M,1988-03-09 22:02:25
21,Francisco,Peterson,franciscopeterson@wanayou.com,e1sen1tP5or,28,173.0,M,1993-04-13 02:40:56
22,Maria,Frilling,mariafrilling@wanayou.com,rili3F8ng8l,28,177.0,F,1993-05-25 02:43:26
23,Alicia,Whitt,aliciawhitt@wanayou.com,4htWi1t,31,173.0,M,1990-06-29 07:22:27
24,Kum,Grimm,kumgrimm@wanayou.com,imrG1m4,32,178.0,F,1989-08-11 04:17:36
25,Ray,Motyka,raymotyka@wanayou.com,9k5oaMt9y,28,172.0,F,1993-08-09 09:08:49
26,Phyllis,Shelton,phyllisshelton@wanayou.com,S7tnel1ho,27,182.0,M,1994-08-23 01:58:38
27,Kristie,Schoonover,kristieschoonover@wanayou.com,Soev7oo8hcnr,34,171.0,M,1987-11-27 11:35:33
28,Crystal,White,crystalwhite@wanayou.com,e581thWi,31,171.0,F,1990-03-12 04:15:50
29,Arturo,Maldanado,arturomaldanado@wanayou.com,adda57oa3nMl,27,164.0,M,1994-05-05 15:57:22
30,Carolyn,Wood,carolynwood@wanayou.com,W52o4do,29,175.0,M,1992-04-05 09:49:19
31,Jeffrey,Sullivan,jeffreysullivan@wanayou.com,nulSa225lvi,32,187.0,F,1989-05-21 19:56:38
32,Robert,Braden,robertbraden@wanayou.com,Bdr357ean,29,181.0,F,1992-04-24 01:18:06
33,Joann,Clark,joannclark@wanayou.com,6ak0l8rC,27,181.0,M,1994-04-07 21:33:10
34,Betty,Moore,bettymoore@wanayou.com,55rooM5e,41,180.0,M,1980-12-04 15:32:54
35,Kenneth,Guertin,kennethguertin@wanayou.com,uGnei5r4t2,41,187.0,F,1980-09-17 11:25:17
36,Eddie,Lyster,eddielyster@wanayou.com,yet6rs9L5,49,165.0,F,1972-10-09 03:20:49
37,Paul,Welke,paulwelke@wanayou.com,eWlk39e0,40,178.0,F,1981-05-01 15:05:52
38,Addie,Rowe,addierowe@wanayou.com,1ewRo81,50,173.0,M,1971-07-12 03:31:10
39,William,Easley,williameasley@wanayou.com,5El94ysea,46,184.0,M,1975-08-28 15:44:20
40,James,Berg,jamesberg@wanayou.com,e370Bgr,50,170.0,M,1971-12-13 16:31:09
41,Lisa,Tufte,lisatufte@wanayou.com,1T8tue3f,45,175.0,F,1976-07-23 11:29:20
42,Natasha,Wilson,natashawilson@wanayou.com,io6s88nlW,44,75.0,F,1977-04-02 00:27:48
43,Janine,Clay,janineclay@wanayou.com,9lyC7a6,48,178.0,F,1973-08-19 15:46:18
44,Thomas,Cryer,thomascryer@wanayou.com,Cr6y2re8,41,182.0,M,1980-02-13 11:47:00
45,Jill,White,jillwhite@wanayou.com,e9i0hWt2,39,173.0,F,1982-07-28 14:35:17
46,Brian,Fudge,brianfudge@wanayou.com,ued9gF46,43,186.0,M,1978-11-16 06:34:00
47,Patrick,Baird,patrickbaird@wanayou.com,dr9ai12B,40,171.0,F,1981-03-14 10:16:45
48,William,Ramirez,williamramirez@wanayou.com,eamz22R7ir,39,181.0,M,1982-05-09 12:15:47
49,Patricia,Dingell,patriciadingell@wanayou.com,0lgi8Dln3e,45,174.0,F,1976-05-30 22:53:16
50,Sandra,Flores,sandraflores@wanayou.com,sr75leF3o,47,170.0,F,1974-08-11 04:37:10
51,Gayla,Romero,gaylaromero@wanayou.com,o8oe2r3mR,47,184.0,M,1974-12-23 20:35:24
52,Candace,Perez,candaceperez@wanayou.com,4zeP4re,40,175.0,F,1981-08-07 23:45:42
53,Richard,Williams,richardwilliams@wanayou.com,imllsi81Wa,51,172.0,F,1970-02-23 00:02:34
54,Fred,Mchenry,fredmchenry@wanayou.com,Mrh8ec2yn,49,187.0,M,1972-12-26 18:20:44
55,Gayle,Mcphee,gaylemcphee@wanayou.com,6hce5Mep4,42,171.0,F,1979-06-22 18:14:19
56,Karen,Lizaola,karenlizaola@wanayou.com,3Lzi09laao,54,183.0,M,1967-08-06 06:31:11
57,Lizzie,Bledsaw,lizziebledsaw@wanayou.com,l23ws9Beda,58,173.0,F,1963-06-11 04:12:18
58,Martin,Ross,martinross@wanayou.com,9s0R0so,62,177.0,F,1959-12-19 09:52:31
59,Bertha,Fite,berthafite@wanayou.com,t1iFe86,54,180.0,F,1967-08-08 07:45:59
60,Karen,King,karenking@wanayou.com,i568gnK,61,167.0,F,1960-01-18 18:55:30
61,Clifford,Potts,cliffordpotts@wanayou.com,P60tto1s,62,186.0,F,1959-03-23 17:50:55
62,Luke,Bush,lukebush@wanayou.com,92Bush7,56,174.0,F,1965-09-07 19:15:10
63,Kevin,Johnson,kevinjohnson@wanayou.com,nooJhn717s,54,178.0,M,1967-09-14 06:22:54
64,Kurt,Foxx,kurtfoxx@wanayou.com,274Fxox,61,170.0,M,1960-03-21 18:27:34
65,Jerry,Przedwiecki,jerryprzedwiecki@wanayou.com,zicrek8ewd2Pi,57,178.0,F,1964-11-02 03:36:53
66,Eli,Samuelson,elisamuelson@wanayou.com,ueSsa8olnm70,55,171.0,M,1966-04-24 22:31:44
67,Patsy,Boothe,patsyboothe@wanayou.com,oB77oh2te,54,180.0,F,1967-10-06 04:54:49
68,William,Livingston,williamlivingston@wanayou.com,ivLg5i2tso8nn,55,182.0,F,1966-03-19 10:03:55
69,William,Davenport,williamdavenport@wanayou.com,aDtovp4n3e1r,54,176.0,M,1967-03-11 22:02:11
70,Alejandro,Beard,alejandrobeard@wanayou.com,3rBe8da8,55,182.0,F,1966-10-28 14:25:37
71,Gregory,Froelich,gregoryfroelich@wanayou.com,liohre2F1c2,62,182.0,M,1959-07-08 10:40:56
72,Latonya,Watson,latonyawatson@wanayou.com,W2nto32as,55,175.0,M,1966-01-09 07:43:54
73,Kenneth,Empie,kennethempie@wanayou.com,Eepi5m06,56,187.0,M,1965-04-05 20:20:56
74,Gonzalo,Cochran,gonzalocochran@wanayou.com,C8h9or3nca,55,163.0,F,1966-07-24 21:28:26
75,Dennis,Addis,dennisaddis@wanayou.com,0sdA7id,61,167.0,M,1960-11-18 12:25:58
76,Kelvin,Malady,kelvinmalady@wanayou.com,ay2Mal89d,61,171.0,F,1960-01-10 11:32:44
77,Christin,Templeton,christintempleton@wanayou.com,T10elm2epotn,57,177.0,M,1964-07-04 04:35:09
78,Patricia,Rasmussen,patriciarasmussen@wanayou.com,4nas9e8Rumss,69,174.0,F,1952-06-11 20:11:59
79,James,Rodriguez,jamesrodriguez@wanayou.com,i1r2uzgeoRd,81,178.0,M,1940-10-13 13:34:03
80,Inez,Chavez,inezchavez@wanayou.com,8v9ahCe7z,66,176.0,F,1955-07-29 12:55:50
81,Frank,Gordon,frankgordon@wanayou.com,2d7Gn4oor,67,172.0,M,1954-09-26 05:08:44
82,Crystal,Button,crystalbutton@wanayou.com,tu4n9Bot9,64,171.0,M,1957-06-20 16:51:59
83,Ronald,Lewis,ronaldlewis@wanayou.com,e3iL3s6w,64,185.0,M,1957-09-08 13:18:24
84,Adam,Rolfes,adamrolfes@wanayou.com,3Rsfol8e4,70,178.0,M,1951-10-09 22:16:24
85,Arminda,Bartamian,armindabartamian@wanayou.com,Birm6ataa6n7,72,176.0,M,1949-01-10 00:05:03
86,Sheila,Johnson,sheilajohnson@wanayou.com,0ns7oonh0J,67,171.0,F,1954-03-31 15:41:04
87,Lenora,Reece,lenorareece@wanayou.com,20c4eeRe,72,171.0,F,1949-08-02 20:44:47
88,Vanessa,Hartrick,vanessahartrick@wanayou.com,7ca0rtHki8r,64,167.0,M,1957-02-19 19:09:29
89,Joanna,Olson,joannaolson@wanayou.com,0lo2nO1s,46,184.0,M,1975-08-02 11:19:07
90,Chester,Salk,chestersalk@wanayou.com,S18kal2,48,185.0,M,1973-06-17 23:27:29
91,Robert,Robinson,robertrobinson@wanayou.com,oo6sn1nibR5,46,178.0,M,1975-06-08 00:11:29
92,Ernest,Moore,ernestmoore@wanayou.com,rM5o5oe3,44,177.0,M,1977-02-25 17:14:23
93,Paul,Serrano,paulserrano@wanayou.com,n8rSre60ao,47,179.0,M,1974-01-01 02:16:46
94,Pam,Jack,pamjack@wanayou.com,290Jakc,46,182.0,F,1975-04-05 12:56:46
95,Tammie,Studt,tammiestudt@wanayou.com,27dtSt3u,47,189.0,M,1974-09-03 18:01:55
96,Robert,Cohrs,robertcohrs@wanayou.com,2oCsrh15,53,197.0,F,1968-11-14 07:19:09
97,Sandy,Key,sandykey@wanayou.com,K649ey,38,186.0,M,1983-02-26 21:53:50
98,Felicia,Robles,feliciarobles@wanayou.com,5es0Ro2lb,50,169.0,F,1971-03-24 14:48:23
99,Thomas,Stice,thomasstice@wanayou.com,eiSct7,46,173.0,F,1975-02-28 21:07:55
100,Johnnie,Burr,johnnieburr@wanayou.com,B8u29rr,47,183.0,F,1974-07-10 05:28:30
101,Lisa,Bierman,lisabierman@wanayou.com,78a2Bnreim,49,187.0,F,1972-06-09 06:06:23
102,Crystal,Martinez,crystalmartinez@wanayou.com,enMt0i1rza,48,183.0,M,1973-04-11 05:57:48
103,Brian,Hardison,brianhardison@wanayou.com,Hno98dis0ra,41,181.0,M,1980-06-30 19:23:04
104,Ernesto,Smith,ernestosmith@wanayou.com,Shm8i52t,49,187.0,F,1972-10-01 09:22:31
105,Edith,Weimer,edithweimer@wanayou.com,8Wi7r6mee,43,176.0,M,1978-08-23 04:44:37
106,Dominick,Bush,dominickbush@wanayou.com,u9shB57,43,174.0,M,1978-05-15 05:02:48
107,William,Hampson,williamhampson@wanayou.com,4Hnp9aoms3,43,187.0,M,1978-07-23 01:29:35
108,Patricia,Nyquist,patricianyquist@wanayou.com,7tiy9q2suN,52,189.0,M,1969-11-01 11:16:13
109,Patricia,Fink,patriciafink@wanayou.com,ikn1F39,43,192.0,M,1978-12-04 06:23:13
110,Edna,Evans,ednaevans@wanayou.com,84savnE,40,176.0,M,1981-12-27 20:38:50
111,Frederick,Edwards,frederickedwards@wanayou.com,2wrdsd38aE,43,174.0,F,1978-11-24 03:03:09
112,Victoria,Liebl,victorialiebl@wanayou.com,e0l7ibL3,43,178.0,M,1978-02-11 18:30:50
113,Heather,Alexander,heatheralexander@wanayou.com,7lnAae6d0rex,47,178.0,M,1974-12-25 21:41:16
114,Garry,Dobos,garrydobos@wanayou.com,bosD2o2,42,178.0,M,1979-05-12 22:34:49
115,Karen,Hunter,karenhunter@wanayou.com,70ne4trHu,48,182.0,M,1973-01-18 23:02:42
116,Nellie,Lawless,nellielawless@wanayou.com,wse61sa7Ll,40,176.0,F,1981-05-17 09:06:17
117,Marsha,Real,marshareal@wanayou.com,le737Ra,48,185.0,F,1973-02-02 11:36:27
118,Jesse,Reyna,jessereyna@wanayou.com,a8n4Rye8,51,183.0,M,1970-01-23 16:42:33
119,John,Dworkin,johndworkin@wanayou.com,rn4Dw2oik0,40,188.0,M,1981-04-24 08:58:43
120,Emily,Nicholson,emilynicholson@wanayou.com,2hliconNs1o,44,184.0,M,1977-04-30 12:48:30
121,Josue,Leathers,josueleathers@wanayou.com,rah6L9es8te,52,189.0,M,1969-03-31 13:37:23
122,David,Weber,davidweber@wanayou.com,54We1erb,44,182.0,M,1977-02-28 02:25:44
123,Paul,Rooney,paulrooney@wanayou.com,o6oneyR94,40,175.0,M,1981-09-14 23:33:22
124,Ronald,Contreras,ronaldcontreras@wanayou.com,er7Cota7sr1n,47,170.0,M,1974-11-04 16:10:49
125,Christa,Andersen,christaandersen@wanayou.com,7drne6nAse2,50,169.0,M,1971-09-22 10:04:26
126,Dana,Erickson,danaerickson@wanayou.com,o4sEki8rcn1,46,170.0,M,1975-07-09 22:20:43
127,Bruce,Cesar,brucecesar@wanayou.com,a5Ce9s6r,42,175.0,F,1979-11-26 04:30:25
128,Ann,Hasty,annhasty@wanayou.com,26Hyta2s,43,172.0,F,1978-09-13 15:59:53
129,Dennis,Miller,dennismiller@wanayou.com,Mleril167,40,186.0,M,1981-02-19 05:59:32
130,Elsie,Schultz,elsieschultz@wanayou.com,Suz0hl59ct,42,177.0,M,1979-10-08 11:13:08
131,Estela,Mitchell,estelamitchell@wanayou.com,ihltleM8c47,49,182.0,F,1972-02-08 16:17:24
132,Jessica,Alvarez,jessicaalvarez@wanayou.com,l8rvz8Ae4a,40,179.0,M,1981-05-15 00:15:35
133,Louis,Anthony,louisanthony@wanayou.com,4ytnhn4oA,47,186.0,M,1974-06-28 10:50:40
134,Diana,Webster,dianawebster@wanayou.com,Wee40t9bsr,50,170.0,M,1971-07-10 10:31:41
135,David,Brown,davidbrown@wanayou.com,5oBnwr15,41,177.0,M,1980-06-13 09:25:38
136,Debra,Espinoza,debraespinoza@wanayou.com,ans5Eipoz35,44,177.0,F,1977-05-16 22:37:15
137,Natalie,Roberts,natalieroberts@wanayou.com,9eosbrR20t,39,180.0,F,1982-06-08 09:24:40
138,Steven,Royer,stevenroyer@wanayou.com,6Royr79e,43,188.0,F,1978-08-05 11:15:04
139,Bruce,Borrego,bruceborrego@wanayou.com,e71rroBog3,40,181.0,F,1981-06-27 19:10:31
140,Lamar,Flores,lamarflores@wanayou.com,Fe9l9r0so,49,190.0,M,1972-05-31 12:36:56
141,Julie,Yoshida,julieyoshida@wanayou.com,s1oai91hYd,40,180.0,M,1981-10-13 23:32:08
142,Adrienne,Martin,adriennemartin@wanayou.com,t03nir4Ma,40,177.0,F,1981-12-14 11:50:33
143,Agnes,Gunther,agnesgunther@wanayou.com,G1e8tnh8ru,52,172.0,M,1969-04-14 16:10:23
144,Audra,Haines,audrahaines@wanayou.com,6H5seian8,23,184.0,F,1998-12-29 12:53:37
145,Kimberly,Rayfield,kimberlyrayfield@wanayou.com,8fl8eyidR0a,23,197.0,M,1998-03-21 06:26:29
146,Frank,Whitmire,frankwhitmire@wanayou.com,hWit61e0rmi,24,180.0,M,1997-06-09 18:43:04
147,Charles,Duncan,charlesduncan@wanayou.com,n5aDn5cu,24,185.0,F,1997-03-25 07:37:03
148,Ernest,Colon,ernestcolon@wanayou.com,C8lno7o3,25,177.0,M,1996-04-14 18:41:02
149,Shannon,Steffes,shannonsteffes@wanayou.com,fSetef72s2,25,184.0,M,1996-07-18 09:58:00
150,Stephanie,Rann,stephanierann@wanayou.com,0na17nR,26,178.0,F,1995-07-22 17:01:37
151,Margaret,Moody,margaretmoody@wanayou.com,oM7ody,26,175.0,F,1995-05-16 09:15:46
152,Raymond,Cecilio,raymondcecilio@wanayou.com,4e9ilioC5c,26,189.0,F,1995-03-27 11:33:58
153,Lakeisha,Gibson,lakeishagibson@wanayou.com,Gn8s5i9bo,27,184.0,M,1994-05-10 15:33:44
154,Alva,Everly,alvaeverly@wanayou.com,7vl2yreE,27,171.0,F,1994-11-28 18:38:12
155,Howard,Smith,howardsmith@wanayou.com,78hSmi3t,27,187.0,M,1994-11-10 02:15:51
156,Michael,White,michaelwhite@wanayou.com,i98tWh8e,28,191.0,M,1993-03-26 02:47:29
157,Eric,Medlin,ericmedlin@wanayou.com,i7Me2ld9n,28,175.0,F,1993-01-25 08:04:32
158,Joshua,Estwick,joshuaestwick@wanayou.com,E1c7iw8tsk,28,184.0,F,1993-08-29 02:21:58
159,Judith,Michaud,judithmichaud@wanayou.com,chi9uMda9,30,175.0,F,1991-01-22 04:44:03
160,Carlos,Simon,carlossimon@wanayou.com,om18in6S,31,182.0,F,1990-10-25 19:46:26
161,Wilbur,Becerra,wilburbecerra@wanayou.com,3rc9eeBra4,31,184.0,F,1990-10-12 23:47:35
162,James,Sprouse,jamessprouse@wanayou.com,su90peS7ro,33,185.0,M,1988-04-01 11:29:50
163,Charles,Obrien,charlesobrien@wanayou.com,n9bire2O,33,175.0,F,1988-07-13 07:31:29
164,Jay,King,jayking@wanayou.com,2g5nKi,34,179.0,M,1987-06-20 19:31:43
165,Brittany,Miles,brittanymiles@wanayou.com,lesM552i,34,183.0,F,1987-01-13 11:49:57
166,Lisa,Partridge,lisapartridge@wanayou.com,dgetrPr9ia19,35,187.0,F,1986-01-28 18:52:34
167,Diane,Kohler,dianekohler@wanayou.com,rK3oehl8,35,173.0,M,1986-08-24 05:29:40
168,Willie,Fair,williefair@wanayou.com,r623aiF,35,184.0,F,1986-03-16 17:53:32
169,George,Downey,georgedowney@wanayou.com,y2e8wDn1o,35,177.0,M,1986-04-12 09:48:30
170,Donna,Wescott,donnawescott@wanayou.com,6tsectW94o,35,177.0,M,1986-12-25 02:26:17
171,James,Aichele,jamesaichele@wanayou.com,93hlAie9ce,35,172.0,M,1986-04-15 17:21:54
172,Elizabeth,Fino,elizabethfino@wanayou.com,F5on21i,35,166.0,M,1986-10-17 12:19:53
173,William,Webb,williamwebb@wanayou.com,b8e53bW,35,180.0,M,1986-03-07 12:46:31
174,Leslie,Hamel,lesliehamel@wanayou.com,a3Hmel,36,182.0,F,1985-01-27 04:39:25
175,Kevin,Felton,kevinfelton@wanayou.com,l7n4eoF7t,36,182.0,F,1985-11-08 04:30:02
176,Ignacio,Bunnell,ignaciobunnell@wanayou.com,l5nl32Bnue,37,176.0,M,1984-12-04 00:30:13
177,James,Shebby,jamesshebby@wanayou.com,be2bSyh44,37,170.0,M,1984-03-27 06:24:35
178,Alison,Schepker,alisonschepker@wanayou.com,er6p5c7ekSh,37,182.0,F,1984-12-20 17:06:10
179,Jeffrey,Tanenbaum,jeffreytanenbaum@wanayou.com,aaunemT6b4n9,38,176.0,F,1983-09-07 16:48:51
180,Mark,Moore,markmoore@wanayou.com,0oeroM04,39,189.0,M,1982-04-14 06:36:40
181,Enoch,Kosky,enochkosky@wanayou.com,oKs3k84y,39,189.0,F,1982-08-21 21:14:16
182,Carolynn,Meyer,carolynnmeyer@wanayou.com,reM643ye,40,173.0,M,1981-06-27 11:58:00
183,Bobbie,Gibbons,bobbiegibbons@wanayou.com,b0Gnsibo,40,171.0,M,1981-10-30 15:27:17
184,Terrance,Skousen,terranceskousen@wanayou.com,k8sSenu9o,40,177.0,M,1981-01-31 14:36:27
185,Mark,Hartwig,markhartwig@wanayou.com,3H6traigw,40,189.0,F,1981-03-11 10:09:14
186,Alisa,Cavaretta,alisacavaretta@wanayou.com,t7reaC9vaa7t,40,182.0,F,1981-07-02 14:15:25
187,Micah,Soto,micahsoto@wanayou.com,85So8to,41,189.0,F,1980-10-11 02:36:04
188,Alfred,Presha,alfredpresha@wanayou.com,sr49aPh2e,41,183.0,F,1980-06-23 22:33:42
189,Linda,Groomes,lindagroomes@wanayou.com,somG7r6o4e,41,184.0,F,1980-12-24 17:15:06
190,Gary,Ferree,garyferree@wanayou.com,e0ee1rr0F,41,173.0,F,1980-11-12 01:17:36
191,Caleb,Gee,calebgee@wanayou.com,2eeG2,41,176.0,M,1980-05-22 06:40:00
192,Ramon,Kleis,ramonkleis@wanayou.com,15slieK,42,193.0,F,1979-05-18 11:33:54
193,Stephen,Isaacs,stephenisaacs@wanayou.com,s5aIacs8,42,179.0,M,1979-02-02 17:49:57
194,Seth,Manus,sethmanus@wanayou.com,a95n3usM,42,190.0,M,1979-02-13 03:39:25
195,Pete,Salles,petesalles@wanayou.com,sSl2l11ae,42,185.0,F,1979-09-04 21:00:29
196,Mary,Neely,maryneely@wanayou.com,lNye03e4,42,173.0,M,1979-07-28 22:03:19
197,Barbara,Farnham,barbarafarnham@wanayou.com,hanrm9F20a,42,175.0,F,1979-04-10 09:11:58
198,Tommie,Bourgeois,tommiebourgeois@wanayou.com,o4rus7Bgi8eo,42,182.0,M,1979-12-09 00:05:09
199,Robert,Sturgis,robertsturgis@wanayou.com,g30rtiuSs3,42,185.0,F,1979-10-11 19:37:40
200,Joseph,Parker,josephparker@wanayou.com,rr9e7kaP0,43,171.0,M,1978-01-06 20:53:19
201,Clifton,Devlin,cliftondevlin@wanayou.com,6lev5niD3,43,178.0,F,1978-03-06 04:48:58
202,Bradford,Burrough,bradfordburrough@wanayou.com,r6u9hgBour8,43,176.0,M,1978-06-10 14:53:56
203,Mark,Fountain,markfountain@wanayou.com,4ito38nnauF,43,182.0,M,1978-05-10 09:30:44
204,Bonnie,Serrano,bonnieserrano@wanayou.com,ae8n1rorS0,44,188.0,F,1977-01-20 22:31:51
205,Katherine,Gatlin,katherinegatlin@wanayou.com,t24i2alGn,44,177.0,F,1977-03-16 04:24:20
206,Hattie,Larson,hattielarson@wanayou.com,Lo2nr85sa,44,185.0,M,1977-04-18 00:42:32
207,Victor,Dodd,victordodd@wanayou.com,dd8oD26,44,166.0,F,1977-03-31 03:57:00
208,Ana,Goodman,anagoodman@wanayou.com,o81dmo0naG,47,184.0,M,1974-08-06 13:41:26
209,Lorene,Leaver,loreneleaver@wanayou.com,L5ea6v6re,47,178.0,F,1974-01-17 10:20:55
210,Barbara,Allen,barbaraallen@wanayou.com,l88lA9en,47,180.0,F,1974-02-18 02:07:59
211,Jason,Romero,jasonromero@wanayou.com,42o9romeR,49,173.0,M,1972-04-12 03:49:40
212,Thomas,Smith,thomassmith@wanayou.com,tm4i72Sh,49,189.0,F,1972-01-18 16:31:17
213,Kristi,Lockwood,kristilockwood@wanayou.com,kcow1od2Lo6,49,182.0,F,1972-12-19 18:30:01
214,Annetta,Watkins,annettawatkins@wanayou.com,iat85kns9W,50,180.0,F,1971-06-04 17:24:25
215,Mary,Heling,maryheling@wanayou.com,g9ei2l1Hn,50,185.0,F,1971-05-11 07:37:26
216,Susan,Smith,susansmith@wanayou.com,292thSim,51,163.0,F,1970-06-07 07:44:30
217,Mary,Tooley,marytooley@wanayou.com,0l0e2Tooy,51,177.0,M,1970-11-01 11:03:05
218,Jessica,Johnson,jessicajohnson@wanayou.com,hnooJs5n35,51,178.0,F,1970-11-06 13:47:07
219,Samuel,Holden,samuelholden@wanayou.com,8en77Hldo,52,182.0,F,1969-02-24 04:56:17
220,Blake,Toth,blaketoth@wanayou.com,t73h3To,53,176.0,M,1968-03-31 05:29:20
221,Edward,Silverman,edwardsilverman@wanayou.com,6anielr2mvS2,54,179.0,F,1967-09-07 01:55:04
222,Susan,Dragich,susandragich@wanayou.com,ir12acD5gh,54,184.0,F,1967-09-03 16:59:30
223,Michael,Wasson,michaelwasson@wanayou.com,Wn8oas8s2,54,171.0,M,1967-02-10 03:30:49
224,Eric,Mcknight,ericmcknight@wanayou.com,7hi9ngcMtk7,55,171.0,F,1966-05-11 01:58:31
225,Matthew,Mcdaniel,matthewmcdaniel@wanayou.com,Mdecln5a70i,55,175.0,F,1966-07-14 17:09:25
226,Antonio,Murray,antoniomurray@wanayou.com,auyM0rr66,55,170.0,M,1966-11-03 03:09:36
227,Mary,Wilkison,marywilkison@wanayou.com,Wilk30isn8o,55,173.0,F,1966-08-04 09:09:45
228,Tina,Miller,tinamiller@wanayou.com,le94ir3Ml,55,189.0,M,1966-02-27 09:34:38
229,Mike,Shannon,mikeshannon@wanayou.com,6nnn50Soah,56,177.0,F,1965-05-16 23:34:47
230,Troy,Durkee,troydurkee@wanayou.com,7er3uD3ek,56,174.0,F,1965-08-12 13:28:26
231,Jerome,Noto,jeromenoto@wanayou.com,3Nt94oo,57,167.0,M,1964-01-01 01:35:00
232,Joyce,Cosby,joycecosby@wanayou.com,Cosb4y22,57,182.0,F,1964-09-20 16:53:56
233,Ruben,Lasater,rubenlasater@wanayou.com,aLate29rs8,58,182.0,F,1963-06-06 14:09:40
234,Jena,Mccormack,jenamccormack@wanayou.com,rmM5ao4k0ccc,58,171.0,F,1963-10-16 02:39:34
235,Heather,Nichols,heathernichols@wanayou.com,Nl2ics1o1h,60,171.0,M,1961-08-16 18:53:20
236,Judith,Walles,judithwalles@wanayou.com,ll5W5ase,62,171.0,M,1959-07-02 11:47:50
237,Brian,Marc,brianmarc@wanayou.com,ac3rM0,62,184.0,F,1959-08-18 00:04:35
238,John,Zender,johnzender@wanayou.com,eZr4n77ed,63,177.0,F,1958-04-12 16:56:52
239,Mark,Hall,markhall@wanayou.com,a5lH9l,64,177.0,F,1957-12-28 12:50:10
240,Esther,Rainey,estherrainey@wanayou.com,yn2Rea1i,65,167.0,F,1956-06-12 00:30:46
241,Violet,Doan,violetdoan@wanayou.com,6n6oaD2,65,167.0,M,1956-07-26 12:55:30
242,Ellis,Casagrande,elliscasagrande@wanayou.com,2daCar8neas9g,65,173.0,M,1956-06-28 00:34:23
243,Sabrina,Campbell,sabrinacampbell@wanayou.com,33lelb7mpCa,66,183.0,M,1955-09-27 10:53:04
244,Stephanie,Finley,stephaniefinley@wanayou.com,l62Fney9i,67,185.0,F,1954-05-09 18:29:32
245,Trina,Higa,trinahiga@wanayou.com,g3aH14i,67,174.0,F,1954-05-16 13:46:52
246,Allison,Bryan,allisonbryan@wanayou.com,B9ry1n5a,68,176.0,M,1953-08-11 22:06:40
247,Walter,Bravo,walterbravo@wanayou.com,B2o5vra8,69,179.0,M,1952-07-15 19:29:36
248,Louella,Mueller,louellamueller@wanayou.com,9el4lerMu4,70,170.0,F,1951-06-09 20:56:11
249,William,Martinez,williammartinez@wanayou.com,aM1e5tni3zr,72,177.0,F,1949-05-16 12:46:21
250,Gladys,Jackson,gladysjackson@wanayou.com,k20ans9coJ,72,168.0,M,1949-01-24 17:54:08
251,Paul,Simon,paulsimon@wanayou.com,nm3Si5o3,72,179.0,M,1949-04-27 05:40:13
252,Justin,Mcgowan,justinmcgowan@wanayou.com,9wcaonM2g,74,178.0,F,1947-02-13 12:22:32
=======
1,Annie,Stafford,anniestafford@wanayou.com,So2f7tdr1af,23,172.0,F,07-09-1998
2,Carrie,Mcgwin,carriemcgwin@wanayou.com,ncM4gi73w,22,184.0,F,24-02-1999
3,Kimberly,Johnson,kimberlyjohnson@wanayou.com,oo45nsh8Jn,22,168.0,F,10-12-1999
4,Ivette,Wallace,ivettewallace@wanayou.com,l2a1W4clea,26,184.0,F,15-03-1995
5,Jordan,Braddy,jordanbraddy@wanayou.com,9dad5ry8B,24,181.0,M,15-01-1997
6,Mary,Ryerson,maryryerson@wanayou.com,e6R6nosyr1,24,190.0,M,24-04-1997
7,Megan,Mireles,meganmireles@wanayou.com,es8rel1i4M,26,177.0,F,28-07-1995
8,Bernadette,Garcia,bernadettegarcia@wanayou.com,G2c0aria1,25,184.0,F,30-08-1996
9,Matthew,Signs,matthewsigns@wanayou.com,s2n78Sig,25,188.0,M,13-12-1996
10,Richie,Meyers,richiemeyers@wanayou.com,yree9M89s,23,187.0,F,23-10-1998
11,Denise,Sammons,denisesammons@wanayou.com,mo20anSs3m,26,189.0,F,29-09-1995
12,Richard,Marks,richardmarks@wanayou.com,sMak5r19,27,193.0,M,02-01-1994
13,Araceli,Nicks,aracelinicks@wanayou.com,15Ncs6ik,32,177.0,M,10-11-1989
14,James,Palmer,jamespalmer@wanayou.com,9l8Pmera4,30,181.0,M,30-01-1991
15,Ola,Kunert,olakunert@wanayou.com,Kt3re0un,35,177.0,F,29-04-1986
16,Darron,Russell,darronrussell@wanayou.com,ses0l71lRu,35,168.0,F,24-02-1986
17,Kevin,Meredith,kevinmeredith@wanayou.com,Mr94etie7dh,34,180.0,F,07-09-1987
18,Howard,Cornelius,howardcornelius@wanayou.com,isC3enlu6or9,32,180.0,M,09-12-1989
19,Jose,Whittle,josewhittle@wanayou.com,i2l1eWt6th,28,172.0,F,20-01-1993
20,David,Dromgoole,daviddromgoole@wanayou.com,l7o11rgeDmoo,33,187.0,F,08-12-1988
21,Susanne,Corda,susannecorda@wanayou.com,3r6o7daC,28,173.0,M,04-08-1993
22,Bill,Hernandez,billhernandez@wanayou.com,zden58He5anr,28,177.0,M,29-12-1993
23,Margaret,Anderson,margaretanderson@wanayou.com,4ro7edns1An,31,173.0,F,14-01-1990
24,David,Yates,davidyates@wanayou.com,3Yt7sea8,32,178.0,M,06-06-1989
25,Michael,Ingram,michaelingram@wanayou.com,7In34grma,28,172.0,F,20-02-1993
26,Samuel,Mcalister,samuelmcalister@wanayou.com,aeMtrsci8l73,27,182.0,F,16-11-1994
27,Margot,Mcintosh,margotmcintosh@wanayou.com,i7sMn73chto,34,171.0,F,30-04-1987
28,Hanna,Tardiff,hannatardiff@wanayou.com,T6fidra55f,31,171.0,M,21-11-1990
29,Kerri,Johson,kerrijohson@wanayou.com,n1hJ8oso,27,164.0,F,06-04-1994
30,Marlene,Walter,marlenewalter@wanayou.com,lWt4r4e9a,29,175.0,F,02-01-1992
31,Florence,Collette,florencecollette@wanayou.com,eCe9t2lot4l,32,187.0,F,17-11-1989
32,Willie,Humphreys,williehumphreys@wanayou.com,serph3H63yum,29,181.0,M,17-08-1992
33,James,Hook,jameshook@wanayou.com,52o8koH,27,181.0,M,09-07-1994
34,Jason,Phillips,jasonphillips@wanayou.com,spili346Plh,41,180.0,F,15-08-1980
35,Christopher,Maks,christophermaks@wanayou.com,3ask5M6,41,187.0,F,28-03-1980
36,Marshall,Oakes,marshalloakes@wanayou.com,se9k7Oa7,49,165.0,F,24-08-1972
37,Thomas,Clarke,thomasclarke@wanayou.com,0r48Celak,40,178.0,M,27-05-1981
38,Lynette,Belden,lynettebelden@wanayou.com,eBeln69d,50,173.0,F,29-04-1971
39,Patrick,Cruz,patrickcruz@wanayou.com,zr5C5u5,46,184.0,F,13-04-1975
40,Charles,Parnell,charlesparnell@wanayou.com,l3lean25rP,50,170.0,M,04-06-1971
41,Annie,Kiser,anniekiser@wanayou.com,s57ri7eK,45,175.0,M,18-06-1976
42,Eric,Stier,ericstier@wanayou.com,Steir596,44,75.0,M,18-12-1977
43,Joyce,Patel,joycepatel@wanayou.com,lP6eta10,48,178.0,F,02-03-1973
44,Martha,Kemmis,marthakemmis@wanayou.com,6mKimse,41,182.0,M,05-11-1980
45,James,Taylor,jamestaylor@wanayou.com,52olTry8a,39,173.0,F,27-11-1982
46,Helen,Roundy,helenroundy@wanayou.com,onRu03dy,43,186.0,F,10-01-1978
47,Kimberly,Kidd,kimberlykidd@wanayou.com,i6dd86K,40,171.0,F,28-01-1981
48,Teresa,Henry,teresahenry@wanayou.com,nr62yHe5,39,181.0,F,29-09-1982
49,Tammy,Marquez,tammymarquez@wanayou.com,2eM0zu7qar,45,174.0,M,06-01-1976
50,Kelley,Alvarez,kelleyalvarez@wanayou.com,l0eaAzvr55,47,170.0,F,15-10-1974
51,Erica,Maxie,ericamaxie@wanayou.com,6a1xiM2e,47,184.0,M,15-09-1974
52,Jeff,Norris,jeffnorris@wanayou.com,sir5or9N,40,175.0,F,30-05-1981
53,Elizabeth,Dufrene,elizabethdufrene@wanayou.com,ef79eDnu1r,51,172.0,M,13-11-1970
54,George,Pine,georgepine@wanayou.com,i57P4en,49,187.0,M,14-01-1972
55,Ryan,Tarnowski,ryantarnowski@wanayou.com,naTw8ro6sik1,42,171.0,F,27-12-1979
56,Billy,Jackson,billyjackson@wanayou.com,9Jk7ncaso1,54,183.0,F,13-02-1967
57,William,Barnett,williambarnett@wanayou.com,etBr02a2tn,58,173.0,F,13-12-1963
58,Dolores,Bennett,doloresbennett@wanayou.com,8ttBen64en,62,177.0,F,11-06-1959
59,Debra,Aaron,debraaaron@wanayou.com,r94Aao1n,54,180.0,F,25-05-1967
60,Destiny,Font,destinyfont@wanayou.com,7tno66F,61,167.0,F,27-08-1960
61,Ida,Landers,idalanders@wanayou.com,d1s9Lnera3,62,186.0,F,10-03-1959
62,Leland,Crampton,lelandcrampton@wanayou.com,2pt5Con5amr,56,174.0,F,05-09-1965
63,Kenneth,Francis,kennethfrancis@wanayou.com,3F1a7insrc,54,178.0,M,29-07-1967
64,Tom,Cisneros,tomcisneros@wanayou.com,7io2se6snCr,61,170.0,M,11-11-1960
65,Olga,Dickens,olgadickens@wanayou.com,s8k7Die6nc,57,178.0,F,06-03-1964
66,Charlene,Leavitt,charleneleavitt@wanayou.com,ett3iLva57,55,171.0,F,24-06-1966
67,Bruce,Smith,brucesmith@wanayou.com,ht0mS58i,54,180.0,M,15-03-1967
68,Bruce,Kirk,brucekirk@wanayou.com,77ikrK0,55,182.0,M,07-02-1966
69,Daniel,Raine,danielraine@wanayou.com,n3i1ea3R,54,176.0,M,14-06-1967
70,Glenn,Drummond,glenndrummond@wanayou.com,nr4D7o1mmdu,55,182.0,F,27-06-1966
71,Sandra,Milligan,sandramilligan@wanayou.com,iMa3ni8l4gl,62,182.0,F,12-03-1959
72,Felipe,Proffitt,felipeproffitt@wanayou.com,1f38tofrtPi,55,175.0,M,16-09-1966
73,Caryn,Day,carynday@wanayou.com,8ayD57,56,187.0,M,07-11-1965
74,Phillip,Rhodes,philliprhodes@wanayou.com,7sdoR64eh,55,163.0,M,17-01-1966
75,Scott,Nelson,scottnelson@wanayou.com,lnNo59s5e,61,167.0,M,11-05-1960
76,Larry,Hanselman,larryhanselman@wanayou.com,lnnHma4ea8s,61,171.0,F,21-12-1960
77,Margaret,Farness,margaretfarness@wanayou.com,5assnFe58r,57,177.0,F,06-05-1964
78,Joseph,Overlock,josephoverlock@wanayou.com,o8r6cekv3lO,69,174.0,M,09-02-1952
79,Johnie,Daniel,johniedaniel@wanayou.com,48Dien2al,81,178.0,M,06-01-1940
80,Richard,Horton,richardhorton@wanayou.com,3H2roton3,66,176.0,M,30-08-1955
81,Leslie,King,leslieking@wanayou.com,i21ng2K,67,172.0,M,24-01-1954
82,Jeffry,Earwood,jeffryearwood@wanayou.com,odEr1o2aw7,64,171.0,M,13-03-1957
83,William,Pacheco,williampacheco@wanayou.com,4cocahP5e7,64,185.0,M,20-11-1957
84,Linda,Black,lindablack@wanayou.com,B18kcl2a,70,178.0,F,24-04-1951
85,Michelle,Henderson,michellehenderson@wanayou.com,4Hed6nn9esor,72,176.0,M,09-03-1949
86,David,Grabe,davidgrabe@wanayou.com,rGa91be7,67,171.0,F,08-03-1954
87,Kathleen,Kirk,kathleenkirk@wanayou.com,1ir1kK3,72,171.0,M,08-06-1949
88,Gregory,Ko,gregoryko@wanayou.com,5K27o,64,167.0,F,21-05-1957
89,Paula,Webb,paulawebb@wanayou.com,b1b8eW2,46,184.0,F,27-06-1975
90,Deborah,Moyer,deborahmoyer@wanayou.com,9eroM8y5,48,185.0,F,28-08-1973
91,James,Myers,jamesmyers@wanayou.com,96eyr4Ms,46,178.0,M,29-08-1975
92,Richard,Landes,richardlandes@wanayou.com,Lns7d9e5a,44,177.0,M,23-06-1977
93,Joyce,Blum,joyceblum@wanayou.com,5m1u7Bl,47,179.0,F,24-06-1974
94,Kevin,Bridges,kevinbridges@wanayou.com,de830Bigsr,46,182.0,M,04-04-1975
95,Terrance,Neal,terranceneal@wanayou.com,70a7elN,47,189.0,M,24-07-1974
96,Jim,Harris,jimharris@wanayou.com,Hrair96s2,53,197.0,M,12-04-1968
97,Robert,Lozano,robertlozano@wanayou.com,7zn6o9oLa,38,186.0,M,16-02-1983
98,Robert,Lee,robertlee@wanayou.com,7L21ee,50,169.0,F,13-08-1971
99,Lisa,Ruiz,lisaruiz@wanayou.com,u9Rz6i5,46,173.0,F,31-10-1975
100,Yvonne,Lackland,yvonnelackland@wanayou.com,kd92a5Llcan,47,183.0,F,17-05-1974
101,Gerald,Conger,geraldconger@wanayou.com,6eg1nor7C,49,187.0,F,04-06-1972
102,Felipe,Wilson,felipewilson@wanayou.com,isoWl57n2,48,183.0,F,22-07-1973
103,Daniel,Barber,danielbarber@wanayou.com,e46B1barr,41,181.0,F,19-07-1980
104,Robert,Russell,robertrussell@wanayou.com,sR0eluls,49,187.0,F,15-01-1972
105,Gregg,Florio,greggflorio@wanayou.com,ooFlr78i5,43,176.0,F,25-04-1978
106,Dennis,Camp,denniscamp@wanayou.com,877pmaC,43,174.0,M,06-06-1978
107,James,Bruce,jamesbruce@wanayou.com,r6cu3eB7,43,187.0,M,30-12-1978
108,Peter,Ingram,peteringram@wanayou.com,I9a7gnr8m,52,189.0,M,09-02-1969
109,Evan,Mcclinsey,evanmcclinsey@wanayou.com,lMc8ns6ciey,43,192.0,M,14-06-1978
110,Marge,Brigham,margebrigham@wanayou.com,h47ma9rBig,40,176.0,F,30-01-1981
111,Benita,Dooley,benitadooley@wanayou.com,l34oye4Do,43,174.0,M,09-10-1978
112,Theodore,Baumgardner,theodorebaumgardner@wanayou.com,2darn9gm1erauB,43,178.0,M,27-03-1978
113,Frank,Sigala,franksigala@wanayou.com,3aliS08ag,47,178.0,F,17-10-1974
114,Joyce,Saenz,joycesaenz@wanayou.com,1e1zn5aS,42,178.0,F,05-12-1979
115,Delores,Sellers,deloressellers@wanayou.com,11rlleesS7,48,182.0,F,05-06-1973
116,Shaina,Dehoyos,shainadehoyos@wanayou.com,3y3s8eooDh,40,176.0,F,19-09-1981
117,Michael,Mueller,michaelmueller@wanayou.com,4elMl11ure,48,185.0,F,17-04-1973
118,Kathi,Silva,kathisilva@wanayou.com,28S0ilav,51,183.0,F,20-01-1970
119,Margaret,Bauer,margaretbauer@wanayou.com,5rue5aB8,40,188.0,F,15-04-1981
120,Mary,Carter,marycarter@wanayou.com,atCr7re45,44,184.0,M,19-03-1977
121,Lewis,Jerman,lewisjerman@wanayou.com,m4ar6eJ7n,52,189.0,M,20-03-1969
122,Paul,Campbell,paulcampbell@wanayou.com,a14m7pbeCll,44,182.0,M,21-12-1977
123,Tyrone,Burnette,tyroneburnette@wanayou.com,B63rtt5eenu,40,175.0,M,19-10-1981
124,Fawn,Gray,fawngray@wanayou.com,G38r5ya,47,170.0,F,30-12-1974
125,Emily,Utter,emilyutter@wanayou.com,rte25U3t,50,169.0,F,23-01-1971
126,Keith,Platt,keithplatt@wanayou.com,P7t52tal,46,170.0,F,09-07-1975
127,John,Dekany,johndekany@wanayou.com,n6ykD2ea,42,175.0,M,15-05-1979
128,Bradly,Osburn,bradlyosburn@wanayou.com,Ou917bnrs,43,172.0,M,19-11-1978
129,Joan,Brissett,joanbrissett@wanayou.com,erst68it1sB,40,186.0,F,21-04-1981
130,Christina,Mcallister,christinamcallister@wanayou.com,Mll35caretsi,42,177.0,F,26-04-1979
131,John,Jackson,johnjackson@wanayou.com,3oncJa4sk8,49,182.0,M,16-05-1972
132,Kathy,Reyna,kathyreyna@wanayou.com,nR7eya42,40,179.0,M,15-06-1981
133,Karen,Ruelas,karenruelas@wanayou.com,43sRlea6u,47,186.0,M,25-12-1974
134,Sid,Hill,sidhill@wanayou.com,l8l2H1i,50,170.0,F,19-11-1971
135,Kelley,Griffin,kelleygriffin@wanayou.com,fn65rG1ifi,41,177.0,F,05-05-1980
136,Kathleen,Mullens,kathleenmullens@wanayou.com,lslMn4ue41,44,177.0,M,20-07-1977
137,Robert,Bartoletti,robertbartoletti@wanayou.com,etltaBi16ort3,39,180.0,F,19-01-1982
138,James,Espino,jamesespino@wanayou.com,72Esinp5o,43,188.0,M,19-07-1978
139,Gary,Kelly,garykelly@wanayou.com,ely4K2l1,40,181.0,M,23-04-1981
140,Patricia,Brink,patriciabrink@wanayou.com,k499nBir,49,190.0,M,12-10-1972
141,Betty,Stanley,bettystanley@wanayou.com,aS9n32leyt,40,180.0,F,20-08-1981
142,Ilene,Prior,ileneprior@wanayou.com,5P7rro3i,40,177.0,F,10-03-1981
143,Daniel,Jones,danieljones@wanayou.com,neJ45o5s,52,172.0,F,26-08-1969
144,Michael,Smith,michaelsmith@wanayou.com,Si3h3m1t,23,184.0,M,13-02-1998
145,Walter,Smith,waltersmith@wanayou.com,ih1t2mS4,23,197.0,M,24-09-1998
146,Tammy,Bennett,tammybennett@wanayou.com,eet563Bnnt,24,180.0,F,10-05-1997
147,Toni,Dunagan,tonidunagan@wanayou.com,gu9n4Da7an,24,185.0,F,03-08-1997
148,Sarah,Nielsen,sarahnielsen@wanayou.com,ens23Neli7,25,177.0,M,08-09-1996
149,Carol,Rogers,carolrogers@wanayou.com,oRsg3e9r4,25,184.0,F,20-05-1996
150,Amy,Wilmot,amywilmot@wanayou.com,ilmWot94,26,178.0,M,17-01-1995
151,Leonard,Rich,leonardrich@wanayou.com,h5ci2R7,26,175.0,F,07-01-1995
152,Christina,Sackett,christinasackett@wanayou.com,e8tat69kcS,26,189.0,M,16-02-1995
153,Alex,Anderson,alexanderson@wanayou.com,nsAd2en2or7,27,184.0,F,09-11-1994
154,Barry,Bell,barrybell@wanayou.com,leB0l44,27,171.0,F,15-10-1994
155,Lydia,Edwards,lydiaedwards@wanayou.com,w1a7Erdd9s,27,187.0,M,01-01-1994
156,Tomasa,Jackson,tomasajackson@wanayou.com,7kJnc6aos5,28,191.0,M,26-10-1993
157,Patricia,Phelps,patriciaphelps@wanayou.com,1pPh2l7es,28,175.0,M,20-01-1993
158,Evelyn,Smith,evelynsmith@wanayou.com,Smti669h,28,184.0,M,21-01-1993
159,Audrey,Wertheimer,audreywertheimer@wanayou.com,hmWt5e5eerr9i,30,175.0,F,19-06-1991
160,Elizabeth,Murray,elizabethmurray@wanayou.com,rry6M8ua,31,182.0,M,11-06-1990
161,Roy,Garner,roygarner@wanayou.com,2arrn5e3G,31,184.0,F,02-02-1990
162,Elizabeth,Gaskin,elizabethgaskin@wanayou.com,k56sn7aiG,33,185.0,F,10-04-1988
163,Jim,Spencer,jimspencer@wanayou.com,rpc3eS7en0,33,175.0,M,23-05-1988
164,Lois,Cook,loiscook@wanayou.com,Cok389o,34,179.0,M,04-02-1987
165,Ralph,Gilbert,ralphgilbert@wanayou.com,tilG98br2e,34,183.0,M,09-08-1987
166,Karl,Lanham,karllanham@wanayou.com,m4anL9ha5,35,187.0,F,29-11-1986
167,Christine,Michelle,christinemichelle@wanayou.com,8eMh2elci4l,35,173.0,M,06-03-1986
168,Kenneth,Papineau,kennethpapineau@wanayou.com,87apeaPuni,35,184.0,F,27-07-1986
169,Laurence,Schwartz,laurenceschwartz@wanayou.com,Sa7chzt3wr,35,177.0,M,02-12-1986
170,Jerry,Hudgins,jerryhudgins@wanayou.com,g7nsiHu8d,35,177.0,M,01-05-1986
171,Heidi,Ahlstrom,heidiahlstrom@wanayou.com,stA4m6o6rlh,35,172.0,M,01-09-1986
172,Troy,Little,troylittle@wanayou.com,Leli2tt46,35,166.0,M,11-11-1986
173,Alysa,Conway,alysaconway@wanayou.com,9a6wynC1o,35,180.0,M,05-05-1986
174,Courtney,Willard,courtneywillard@wanayou.com,r0lWal1d9i,36,182.0,M,10-03-1985
175,Barbara,Freedman,barbarafreedman@wanayou.com,d4aern19meF,36,182.0,F,05-03-1985
176,William,Cassada,williamcassada@wanayou.com,aasCs56da1,37,176.0,M,27-10-1984
177,Alice,Harris,aliceharris@wanayou.com,a8riHs25r,37,170.0,M,04-04-1984
178,Michael,Vannoy,michaelvannoy@wanayou.com,an1V8oy7n,37,182.0,F,16-06-1984
179,Priscilla,Cullars,priscillacullars@wanayou.com,C9rsalu7l8,38,176.0,F,02-05-1983
180,Tisha,Cruz,tishacruz@wanayou.com,Cuzr856,39,189.0,M,03-02-1982
181,Brittany,Cordero,brittanycordero@wanayou.com,0ro17edorC,39,189.0,F,08-10-1982
182,Wendy,Warmack,wendywarmack@wanayou.com,7aWmrkc97a,40,173.0,F,18-05-1981
183,Beverly,Green,beverlygreen@wanayou.com,44rne8Ge,40,171.0,F,11-03-1981
184,Rosendo,Moore,rosendomoore@wanayou.com,eoM09ro,40,177.0,M,20-08-1981
185,Arnold,Foster,arnoldfoster@wanayou.com,stoF3er43,40,189.0,F,23-11-1981
186,Opal,Gray,opalgray@wanayou.com,89Gyra6,40,182.0,M,19-11-1981
187,Daniel,Koprowski,danielkoprowski@wanayou.com,rKso7kopwi5,41,189.0,M,13-12-1980
188,Emily,Hickey,emilyhickey@wanayou.com,9ecy9ki7H,41,183.0,M,06-05-1980
189,Sean,Waguespack,seanwaguespack@wanayou.com,sa2ecp9auWgk3,41,184.0,F,14-10-1980
190,Courtney,Hubenthal,courtneyhubenthal@wanayou.com,thua6bl0He2n,41,173.0,F,31-07-1980
191,Scott,Dipaolo,scottdipaolo@wanayou.com,7a2ioo7plD,41,176.0,M,17-09-1980
192,Gerry,Lemus,gerrylemus@wanayou.com,7mue1Ls6,42,193.0,M,06-01-1979
193,Kelsey,Valenti,kelseyvalenti@wanayou.com,al1t8iV7ne,42,179.0,M,15-01-1979
194,Paul,Rivera,paulrivera@wanayou.com,evRi4r89a,42,190.0,F,14-12-1979
195,Belinda,Key,belindakey@wanayou.com,4yKe82,42,185.0,F,16-12-1979
196,John,Mcgowan,johnmcgowan@wanayou.com,8nwoMa0cg2,42,173.0,M,14-09-1979
197,David,Boyle,davidboyle@wanayou.com,loe7y4B8,42,175.0,M,18-02-1979
198,Melissa,Zoellner,melissazoellner@wanayou.com,eeln13rZol6,42,182.0,F,10-08-1979
199,Donald,Pound,donaldpound@wanayou.com,Pnd7ou10,42,185.0,M,04-01-1979
200,Steven,Shriver,stevenshriver@wanayou.com,39ei7Shrrv,43,171.0,F,24-01-1978
201,Jessica,Ethier,jessicaethier@wanayou.com,t3ei33Erh,43,178.0,M,18-12-1978
202,William,Taylor,williamtaylor@wanayou.com,l91yao5rT,43,176.0,M,08-11-1978
203,Andrew,Westfall,andrewwestfall@wanayou.com,t4seaf71Wll,43,182.0,M,21-05-1978
204,Ethel,Garcia,ethelgarcia@wanayou.com,ca8a5ri6G,44,188.0,F,13-04-1977
205,Marlon,Spohr,marlonspohr@wanayou.com,po1rS2h,44,177.0,F,20-12-1977
206,Darren,Williams,darrenwilliams@wanayou.com,almW313isil,44,185.0,F,29-06-1977
207,Doretha,Jacobs,dorethajacobs@wanayou.com,as92oJbc,44,166.0,F,09-10-1977
208,Lola,Hart,lolahart@wanayou.com,4r6tH6a,47,184.0,M,04-09-1974
209,Lois,Bartlett,loisbartlett@wanayou.com,8relB7t2tta,47,178.0,M,07-02-1974
210,Shelly,Barnett,shellybarnett@wanayou.com,2a8erBtt1n,47,180.0,M,28-09-1974
211,Mary,Ramos,maryramos@wanayou.com,R7os9ma,49,173.0,F,17-11-1972
212,Lisa,White,lisawhite@wanayou.com,e99ti8hW,49,189.0,M,02-05-1972
213,Nancy,Scott,nancyscott@wanayou.com,otc8tS78,49,182.0,F,05-11-1972
214,Bertha,Butner,berthabutner@wanayou.com,eBu74ntr2,50,180.0,M,29-01-1971
215,Thomas,Clark,thomasclark@wanayou.com,kl8C7ar3,50,185.0,M,15-08-1971
216,Teresa,Mattice,teresamattice@wanayou.com,i83eac3Mtt,51,163.0,M,26-01-1970
217,Susan,Spivey,susanspivey@wanayou.com,Sipe1vy20,51,177.0,M,24-07-1970
218,Jennifer,Yao,jenniferyao@wanayou.com,o3Y60a,51,178.0,F,24-09-1970
219,Stephanie,Wilks,stephaniewilks@wanayou.com,kiWl4s0,52,182.0,M,10-11-1969
220,Thomas,Beeler,thomasbeeler@wanayou.com,r3Beeel74,53,176.0,F,26-12-1968
221,Tamara,Lowe,tamaralowe@wanayou.com,33L6owe,54,179.0,M,10-09-1967
222,Kristin,Markham,kristinmarkham@wanayou.com,ah5Mmk5ra4,54,184.0,F,03-05-1967
223,Danny,Matthews,dannymatthews@wanayou.com,htMw2eat01s,54,171.0,F,02-06-1967
224,Ernest,Romo,ernestromo@wanayou.com,7mRoo93,55,171.0,F,11-11-1966
225,Ronald,Wilson,ronaldwilson@wanayou.com,n23o2lsiW,55,175.0,M,01-10-1966
226,Victor,Esquivel,victoresquivel@wanayou.com,qeE5lius56v,55,170.0,F,18-09-1966
227,Matilda,Brooks,matildabrooks@wanayou.com,or7sok8B8,55,173.0,F,30-12-1966
228,Timothy,Daniels,timothydaniels@wanayou.com,e16Ds0alin,55,189.0,F,13-03-1966
229,Peter,Petzold,peterpetzold@wanayou.com,l54todezP8,56,177.0,M,03-11-1965
230,Blanche,Brookins,blanchebrookins@wanayou.com,koisroB57n7,56,174.0,M,19-09-1965
231,Geraldine,Shea,geraldineshea@wanayou.com,67a6hSe,57,167.0,F,02-06-1964
232,Brady,Hoster,bradyhoster@wanayou.com,e6rots5H,57,182.0,M,09-07-1964
233,James,Guerrero,jamesguerrero@wanayou.com,ru8rreoG5e,58,182.0,M,28-06-1963
234,Edward,Kilmer,edwardkilmer@wanayou.com,9i51lerKm,58,171.0,M,06-07-1963
235,Lorraine,Kridler,lorrainekridler@wanayou.com,3l6iKrrde1,60,171.0,F,06-12-1961
236,Thomas,Diemer,thomasdiemer@wanayou.com,5eD8emir,62,171.0,M,21-12-1959
237,Charles,Oakes,charlesoakes@wanayou.com,O6ak2se2,62,184.0,F,21-06-1959
238,Linda,Bell,lindabell@wanayou.com,461elBl,63,177.0,F,28-05-1958
239,Derrick,Harvey,derrickharvey@wanayou.com,8Hr4aevy9,64,177.0,M,23-05-1957
240,Yvette,Glover,yvetteglover@wanayou.com,eG67vorl4,65,167.0,M,11-09-1956
241,Mark,Davis,markdavis@wanayou.com,va4Dsi28,65,167.0,M,19-08-1956
242,Richard,Albano,richardalbano@wanayou.com,ol1ab7n9A,65,173.0,F,08-12-1956
243,Marjorie,Umphrey,marjorieumphrey@wanayou.com,6Uyhrm0pe3,66,183.0,M,21-06-1955
244,Jesse,Narron,jessenarron@wanayou.com,rarno51N,67,185.0,M,05-02-1954
245,Maria,Nevill,marianevill@wanayou.com,Nvile79l7,67,174.0,F,17-08-1954
246,Elda,Read,eldaread@wanayou.com,ed250Ra,68,176.0,F,04-06-1953
247,Mary,Gilman,marygilman@wanayou.com,5aml9G9ni,69,179.0,M,03-04-1952
248,Herbert,Torres,herberttorres@wanayou.com,se4Tr2r2o,70,170.0,F,30-05-1951
249,Graham,Kalman,grahamkalman@wanayou.com,a1lnK6ma8,72,177.0,M,27-10-1949
250,Danny,Lattimore,dannylattimore@wanayou.com,1aoir2ttmL1e,72,168.0,F,13-01-1949
251,Elizabeth,Daniel,elizabethdaniel@wanayou.com,n4ea86iDl,72,179.0,F,11-06-1949
252,Ashley,Randolph,ashleyrandolph@wanayou.com,3ahln4doR2p,74,178.0,F,05-10-1947
>>>>>>> Stashed changes
